output_Gemm_bias_int32,0x00000000,af800589580cfadbbdfe7edbc2529432,4000
output_Gemm_filter_i8,0x00000fa0,d51c48dbf6e730853b63a6f61d4550c4,512000
/layer4/layer4.1/conv2/Conv_output_0_Conv_filter_reordered,0x0007dfa0,410f10315a5d887dd1ccf7419c4cd9c1,2359296
/layer4/layer4.1/conv2/Conv_output_0_Conv_bias_packed,0x002bdfa0,158ca0c1f650e5b84c6e46a1cb0a6e04,4608
/layer4/layer4.1/relu/Relu_output_0_Relu_filter_reordered,0x002bf1a0,2d79c30a2998f8391e539d46e49c59fb,2359296
/layer4/layer4.1/relu/Relu_output_0_Relu_bias_packed,0x004ff1a0,b7f1017be1e0184c6f1ba7860ae4e1c0,4608
/layer4/layer4.0/conv2/Conv_output_0_Conv_filter_reordered,0x005003a0,f52bd25c29a7ed0121bed6289c929942,2359296
/layer4/layer4.0/conv2/Conv_output_0_Conv_bias_packed,0x007403a0,6f2e318661c47d910c8774767c4c40e4,4608
/layer4/layer4.0/relu/Relu_output_0_Relu_bias_packed,0x007415a0,67827026c4537af3b653fbd6e53e5340,4608
/layer4/layer4.0/downsample/downsample.0/Conv_output_0_Conv_filter_reordered,0x007427a0,6b0437d3982cdd87a1271c3cded4b2bb,131072
/layer1/layer1.1/relu/Relu_output_0_Relu_filter_reordered,0x007627a0,f84dcfa99ff66c563d69e41a24719e08,36864
/relu/Relu_output_0_Relu_filter_reordered,0x0076b7a0,5eaf3155f482c6bd527f89f17d31fe3f,12544
/layer1/layer1.0/conv2/Conv_output_0_Conv_filter_reordered,0x0076e8a0,5c2ce0c59206c9a65f335daf3a72399b,36864
/layer3/layer3.1/conv2/Conv_output_0_Conv_filter_reordered,0x007778a0,1d449b3856f2d5c188f27282a5d0569f,589824
/layer2/layer2.0/downsample/downsample.0/Conv_output_0_Conv_filter_reordered,0x008078a0,6feca0233abc181bc752e18859bbdb2c,8192
/layer3/layer3.0/conv2/Conv_output_0_Conv_filter_reordered,0x008098a0,ec2d4832c17b843d1e77dd3d7b36e214,589824
/layer4/layer4.0/downsample/downsample.0/Conv_output_0_Conv_bias_packed,0x008998a0,eb2b7e62ee9fb42c633a1770c4742c87,4608
/layer1/layer1.1/conv2/Conv_output_0_Conv_filter_reordered,0x0089aaa0,505639ade8e9da52644395ffa92d0501,36864
/layer2/layer2.0/relu/Relu_output_0_Relu_bias_packed,0x008a3aa0,6cef64ee14f0797a80b46d383b3792d9,1152
/layer1/layer1.0/conv2/Conv_output_0_Conv_bias_packed,0x008a3f20,754470c14418523dfea929996001ccf8,576
/layer1/layer1.1/conv2/Conv_output_0_Conv_bias_packed,0x008a4160,4fde1ec15019706f767898ff84d91c7d,576
/layer3/layer3.1/relu/Relu_output_0_Relu_filter_reordered,0x008a43a0,d64c49d0912d88158a9050a2bb92f07d,589824
/layer2/layer2.0/downsample/downsample.0/Conv_output_0_Conv_bias_packed,0x009343a0,dd3be38574dfe6f0053efa58f2baebbf,1152
/layer2/layer2.1/conv2/Conv_output_0_Conv_filter_reordered,0x00934820,bdecf973ee2d32a3861fd0cf8bbd616c,147456
/layer1/layer1.0/relu/Relu_output_0_Relu_bias_packed,0x00958820,d040008ef9786a8319557eaef0b20792,576
/layer3/layer3.1/conv2/Conv_output_0_Conv_bias_packed,0x00958a60,5b25bf59930e14b158e881f81cad6590,2304
/layer1/layer1.0/relu/Relu_output_0_Relu_filter_reordered,0x00959360,bcb46562ca0aca8cdbd52e420294135f,36864
/layer2/layer2.0/relu/Relu_output_0_Relu_filter_reordered,0x00962360,d4f9dd7cde1830c7b87b7bae7e8e6f8e,73728
/layer4/layer4.0/relu/Relu_output_0_Relu_filter_reordered,0x00974360,36f4543a8b17d7e1bb3590b0321ddc04,1179648
/layer3/layer3.0/downsample/downsample.0/Conv_output_0_Conv_filter_reordered,0x00a94360,3ba7363c3b5bf8fa8dec71e284b84768,32768
/relu/Relu_output_0_Relu_bias_packed,0x00a9c360,82f61efb6a9f7b247bf269804b56b59c,576
/layer2/layer2.0/conv2/Conv_output_0_Conv_bias_packed,0x00a9c5a0,9a1ab805b3238f34689aa4dc569dfc74,1152
/layer2/layer2.0/conv2/Conv_output_0_Conv_filter_reordered,0x00a9ca20,db2ab5d6fccfcdbd478c59a26bfe61dd,147456
/layer2/layer2.1/relu/Relu_output_0_Relu_bias_packed,0x00ac0a20,2a11d5d38950338c4627e29e3359f96b,1152
/layer3/layer3.1/relu/Relu_output_0_Relu_bias_packed,0x00ac0ea0,18b011268bfc7ec5ae0342f031612d17,2304
/layer3/layer3.0/conv2/Conv_output_0_Conv_bias_packed,0x00ac17a0,a38c0b3924cab16c44b4343ecdfd5910,2304
/layer2/layer2.1/relu/Relu_output_0_Relu_filter_reordered,0x00ac20a0,1dbfb507aa708a6fc138d0586d3ebb34,147456
/layer2/layer2.1/conv2/Conv_output_0_Conv_bias_packed,0x00ae60a0,77740d9e853d488516ed3704fc8e5c5d,1152
/layer1/layer1.1/relu/Relu_output_0_Relu_bias_packed,0x00ae6520,40e112b31de3af314f28d89bea65ed55,576
/layer3/layer3.0/downsample/downsample.0/Conv_output_0_Conv_bias_packed,0x00ae6760,5004c070046d76965320f22c84054c91,2304
/layer3/layer3.0/relu/Relu_output_0_Relu_bias_packed,0x00ae7060,6a488830ab1a6dd01952fa48a5e9da7d,2304
/layer3/layer3.0/relu/Relu_output_0_Relu_filter_reordered,0x00ae7960,8f09c8283a517619460681e4f9972e6f,294912
