name,color,cx,cy,x0,y0,x1,y1,x2,y2,x3,y3,digit
red_front,red,668.8,374.6,517.1,269.0,517.6,479.9,819.3,479.3,817.4,271.0,0
red_yaw_mild,red,687.2,361.9,521.3,256.8,523.4,463.8,825.1,449.3,824.5,276.6,0
red_yaw_strong,red,656.9,372.6,484.7,269.9,474.6,476.4,774.4,442.7,769.8,308.3,0
red_pitch,red,637.7,369.5,519.7,278.7,488.5,484.0,789.5,486.3,757.1,277.9,0
red_roll,red,605.5,362.4,492.1,211.9,423.9,415.3,710.1,501.2,772.0,313.9,0
red_near,red,677.0,355.6,449.2,168.6,410.6,505.9,887.8,528.7,905.8,226.4,0
red_small_far,red,669.8,360.7,618.1,326.3,613.2,398.8,718.2,393.0,715.5,329.9,0
red_dark,red,627.2,342.1,465.8,237.1,465.0,443.7,766.7,432.7,767.7,254.0,0
red_bright,red,680.3,385.8,522.1,279.7,523.1,489.0,823.7,482.0,824.2,291.4,0
red_noisy,red,688.1,364.9,542.0,246.1,518.8,456.0,817.3,469.8,831.0,288.0,0
red_digit,red,657.5,379.7,483.9,266.6,483.1,494.5,817.2,483.6,817.3,274.4,1
blue_front,blue,613.3,372.3,459.0,267.3,464.2,477.1,762.8,474.0,762.5,267.5,0
blue_yaw_mild,blue,658.2,351.4,495.3,251.4,493.3,455.6,798.8,437.7,793.8,265.6,0
blue_yaw_strong,blue,691.5,383.5,518.7,280.8,511.7,489.8,812.4,455.3,805.7,316.1,0
blue_pitch,blue,637.6,320.4,520.9,230.3,488.5,436.5,791.7,439.4,759.8,225.4,0
blue_roll,blue,656.4,387.9,476.1,335.5,545.7,533.3,825.8,437.1,765.3,244.8,0
blue_near,blue,649.1,347.7,396.4,207.2,412.2,542.0,892.0,482.8,852.0,181.2,0
blue_small_far,blue,665.1,350.2,606.7,312.1,605.3,389.6,710.9,380.1,708.4,321.6,0
blue_dark,blue,662.6,366.5,502.0,261.6,500.2,473.2,797.7,454.7,799.7,276.5,0
blue_noisy,blue,659.8,349.1,497.6,263.9,512.3,472.2,811.0,428.4,787.0,242.9,0
scene_red_blue,red,430.5,357.2,301.0,270.7,302.6,440.6,542.8,432.2,544.7,282.8,0
scene_red_blue,blue,863.3,350.6,737.4,266.6,739.9,434.6,975.7,425.6,978.4,272.3,0
